{
  "model": "LinearRegression",
  "n_features": 2,
  "results": [
    {
      "config": "50 epochs",
      "mae": 0.6350887417793274,
      "mse": 0.6963497400283813,
      "r2": 0.5221182107925415,
      "train_time_ms": 496
    },
    {
      "config": "1000 epochs (sklearn match)",
      "mae": 0.6350887417793274,
      "mse": 0.6963497400283813,
      "r2": 0.5221182107925415,
      "train_time_ms": 9546
    },
    {
      "config": "1000 epochs, batch_size=128",
      "mae": 0.6205651760101318,
      "mse": 0.6686904430389404,
      "r2": 0.5410998463630676,
      "train_time_ms": 8517
    }
  ]
}