{
  "results": [
    {
      "batch_size": 16512,
      "bias": 1.9575220346450806,
      "implementation": "rust",
      "learning_rate": 0.5,
      "mae": 0.6283585692163874,
      "mse": 0.6922418813667293,
      "n_epochs": 5,
      "n_features": 2,
      "n_runs": 10,
      "n_test_samples": 4128,
      "n_train_samples": 16512,
      "r2": 0.524937154931878,
      "samples_processed": 82560,
      "test": "sgd_epochs_5_batch_full_lr_0.5",
      "time_per_epoch_ms": 0.29801204,
      "time_per_sample_us": 18.0482097868217,
      "train_time_mean_ms": 1.4900601999999998,
      "train_time_min_ms": 1.431826,
      "train_time_std_ms": 0.15473598413053263,
      "weights": [
        0.759073793888092,
        0.20850710570812225
      ]
    },
    {
      "batch_size": 16512,
      "bias": 2.020667314529419,
      "implementation": "rust",
      "learning_rate": 0.5,
      "mae": 0.6178310944828703,
      "mse": 0.6647802526163366,
      "n_epochs": 50,
      "n_features": 2,
      "n_runs": 5,
      "n_test_samples": 4128,
      "n_train_samples": 16512,
      "r2": 0.5437831679159648,
      "samples_processed": 825600,
      "test": "sgd_epochs_50_batch_full_lr_0.5",
      "time_per_epoch_ms": 0.28663832,
      "time_per_sample_us": 17.359394379844964,
      "train_time_mean_ms": 14.331916000000001,
      "train_time_min_ms": 13.959127,
      "train_time_std_ms": 0.32630436977000477,
      "weights": [
        0.7922770977020264,
        0.2326706349849701
      ]
    },
    {
      "batch_size": 16512,
      "bias": 0.8274844884872437,
      "implementation": "rust",
      "learning_rate": 0.1,
      "mae": 1.3939742656179177,
      "mse": 2.8949817532991022,
      "n_epochs": 5,
      "n_features": 2,
      "n_runs": 10,
      "n_test_samples": 4128,
      "n_train_samples": 16512,
      "r2": -0.9867308019954648,
      "samples_processed": 82560,
      "test": "sgd_epochs_5_batch_full_lr_0.1",
      "time_per_epoch_ms": 0.3008643,
      "time_per_sample_us": 18.220948401162786,
      "train_time_mean_ms": 1.5043214999999999,
      "train_time_min_ms": 1.393625,
      "train_time_std_ms": 0.08203520261753484,
      "weights": [
        0.31412428617477417,
        0.06287692487239838
      ]
    },
    {
      "batch_size": 16512,
      "bias": 2.010253429412842,
      "implementation": "rust",
      "learning_rate": 0.1,
      "mae": 0.6192885782721258,
      "mse": 0.6685652547369579,
      "n_epochs": 50,
      "n_features": 2,
      "n_runs": 5,
      "n_test_samples": 4128,
      "n_train_samples": 16512,
      "r2": 0.5411856453961469,
      "samples_processed": 825600,
      "test": "sgd_epochs_50_batch_full_lr_0.1",
      "time_per_epoch_ms": 0.283588744,
      "time_per_sample_us": 17.174705910852715,
      "train_time_mean_ms": 14.1794372,
      "train_time_min_ms": 14.007046,
      "train_time_std_ms": 0.2177887428236364,
      "weights": [
        0.7863304615020752,
        0.22816826403141022
      ]
    },
    {
      "batch_size": 32,
      "bias": 2.0360755920410156,
      "implementation": "rust",
      "learning_rate": 0.01,
      "mae": 0.6350880962175628,
      "mse": 0.6963502434462814,
      "n_epochs": 5,
      "n_features": 2,
      "n_runs": 10,
      "n_test_samples": 4128,
      "n_train_samples": 16512,
      "r2": 0.5221177211030138,
      "samples_processed": 82720,
      "test": "sgd_epochs_5_batch_32",
      "time_per_epoch_ms": 0.53550084,
      "time_per_sample_us": 32.36828094777563,
      "train_time_mean_ms": 2.6775042,
      "train_time_min_ms": 2.4535820000000004,
      "train_time_std_ms": 0.2507733191482344,
      "weights": [
        0.7549789547920227,
        0.3529890775680542
      ]
    },
    {
      "batch_size": 32,
      "bias": 2.0360755920410156,
      "implementation": "rust",
      "learning_rate": 0.01,
      "mae": 0.6350880962175628,
      "mse": 0.6963502434462814,
      "n_epochs": 50,
      "n_features": 2,
      "n_runs": 5,
      "n_test_samples": 4128,
      "n_train_samples": 16512,
      "r2": 0.5221177211030138,
      "samples_processed": 827200,
      "test": "sgd_epochs_50_batch_32",
      "time_per_epoch_ms": 0.5232046799999999,
      "time_per_sample_us": 31.6250411025145,
      "train_time_mean_ms": 26.160233999999996,
      "train_time_min_ms": 24.960395,
      "train_time_std_ms": 1.0862038531189713,
      "weights": [
        0.7549789547920227,
        0.3529890775680542
      ]
    },
    {
      "batch_size": 16512,
      "bias": 0.8274840116500854,
      "implementation": "rust",
      "learning_rate": 0.1,
      "mae": 1.4502849267559241,
      "mse": 3.0304747326693913,
      "n_epochs": 5,
      "n_features": 8,
      "n_runs": 10,
      "n_test_samples": 4128,
      "n_train_samples": 16512,
      "r2": -1.079715179276021,
      "samples_processed": 82560,
      "test": "sgd_epochs_5_batch_full_8feat_lr_0.1",
      "time_per_epoch_ms": 1.07729484,
      "time_per_sample_us": 65.24314680232558,
      "train_time_mean_ms": 5.3864742,
      "train_time_min_ms": 4.78005,
      "train_time_std_ms": 0.8022350553407094,
      "weights": [
        0.30870774388313293,
        0.06439477950334549,
        0.051418233662843704,
        -0.02223517931997776,
        -0.010014555417001247,
        -0.024167753756046295,
        -0.07632700353860855,
        -0.007687288802117109
      ]
    },
    {
      "batch_size": 16512,
      "bias": 2.0102310180664062,
      "implementation": "rust",
      "learning_rate": 0.1,
      "mae": 0.5664046603189998,
      "mse": 0.620351998700468,
      "n_epochs": 50,
      "n_features": 8,
      "n_runs": 5,
      "n_test_samples": 4128,
      "n_train_samples": 16512,
      "r2": 0.5742728179570897,
      "samples_processed": 825600,
      "test": "sgd_epochs_50_batch_full_8feat_lr_0.1",
      "time_per_epoch_ms": 1.126894768,
      "time_per_sample_us": 68.24701841085272,
      "train_time_mean_ms": 56.344738400000004,
      "train_time_min_ms": 51.26825,
      "train_time_std_ms": 4.43634994189269,
      "weights": [
        0.7663516998291016,
        0.21442672610282898,
        -0.027880555018782616,
        0.03842074051499367,
        0.024611331522464752,
        -0.05795864388346672,
        -0.2944594919681549,
        -0.21905863285064697
      ]
    }
  ]
}